,a,b,r_squared,rsme
0,104.91834609048533,186.12705145013615,0.9642155366495379,33.75531427934165
