,a,b,r_squared,rsme
0,64.93700474149836,35.221916748490266,0.9426474893235502,75.50731290294472
